{
    "key": "value",
    "key2": 123,
    "key3": 21325646,
    "key4": 123.321654,
    "key5": 123.0634846E+90,
    "key6": true,
    "key7": {
        "key": "value",
        "key2": 123,
        "key3": 21325646,
        "key4": 123.321654,
        "key5": 123.0634846E+90,
        "key6": true,
        "key7": {
        }
    }
}